Student Name,Class,Block,Year,Final Grade,strength_LO,strength_details,growth_LO,growth_details,Summary,,Info to Enter:,,,,,,,,,Helper cells (NO editing),,,Deatils on filter: bool vals from second arguemnt determine which vals of first arguemnt get returned
Michael Gong,Accelerated Chemistery (H),B,10,A-,LO3A,Showed good ability to creatively solve for predicted masses of products in a chemical reaction with percentage yield incorporation. Employed clever methods for predicting masses in chemical reactions. Made flexible use of core indicators to predict reaction outcomes and solve tricky stoichiometric problems.,LO2A,"This outcome was one of only a very few when you were inconsistent in your ability to apply knowledge to something new. When considering chromatography, remember that the Rf values will move in the context of the most and least polar substances, even in the case of a blended mobile phase. Answer prompts fully and provide detailed evidence for every aspect of your claim. Go back and double check your work! Avoid the temptation to rush, and process carefully.","Michael, you are off to an excellent start in Accelerated Chemistry. You are an eager learner, a reliable contributor to both our whole-class discussions and at your inquiry table, and you are regularly showing a high level of problem solving skill. I’m excited to see how you focus your efforts during the science inquiry process! Keep up the high level work.",,Courses:,Accelerated Chemistery (H),Dynamic Equalibria (H),Organic Chemistry (H),Better Living Through Chemistry,,,,,LO1A,LO2A,LO3A,
Jack Paul,Dynamic Equalibria (H),C,10,C+,LO1B,"Demonstrated a solid grasp of stoichiometric relationships and consistently applied dimensional analysis correctly. Showed persistence when working through multi-step problems and used logical reasoning to justify predicted masses of reactants and products. You are developing confidence in explaining why your calculations make sense, not just how to do them.",LO2B,"Continue working on transferring what you know to unfamiliar contexts. When interpreting data sets (such as chromatography or solubility trends), slow down and explicitly connect observations back to polarity and intermolecular forces. Be sure to fully explain your reasoning and check that each claim is supported by evidence from the data.","Jack, you have made a strong start in Dynamic Equalibria. You are thoughtful in discussions, receptive to feedback, and willing to revise your thinking when challenged. With continued focus on explaining your reasoning in detail, you will continue to grow as a scientific thinker.",,Short material overview to go in commets:,,,,,,,,,LO1B,LO2B,LO3B,
Jeremy,Better Living Through Chemistry,C,11,A,LO2D,"Refining statistical interpretation by consistently attending to distribution overlap when comparing groups, such as using IQR overlap to calibrate the strength of claims.",LO3D,"Refining statistical interpretation by consistently attending to distribution overlap when comparing groups, such as using IQR overlap to calibrate the strength of claims.","Jeremy, you have been a wonderfully diligent, focused, and committed student, and your work reflects careful background research, precise thinking, and a strong iterative approach to learning. Your critical reasoning and attention to evidence are clear strengths, and you collaborate thoughtfully and effectively in both small-group and lab settings. Continuing to refine how you interpret data distributions, particularly by attending closely to overlap when making comparisons, will further strengthen your statistical arguments and support an already impressive level of scientific work. Great work this semester!",,Learning outcomes (1 per cell in the class' column),LO1A,LO1B,LO1C,LO1D,,,,,LO1D,LO2D,LO3D,
Taylor Adam,Organic Chemistry (H),F,12,B+,LO2C,Showed strong organizational skills when setting up calculations and kept careful track of units throughout problem solving. Demonstrated accuracy in predicting product masses and a growing ability to incorporate concepts like limiting reactants and percent yield into your work. Your attention to structure helps you avoid common errors.,LO2C,"Work on pushing your explanations a step further. When analyzing trends, clearly articulate how particle interactions at the molecular level explain what you observe at the bulk scale. Take time to reread prompts and ensure every part of the question is addressed with specific evidence.","Taylor, you are a focused and dependable student in Organic Chem You contribute positively to group work and approach challenges with a steady, methodical mindset. As you continue to deepen your explanations and make connections across concepts, your understanding will become even more robust.",,,LO2A,LO2B,LO2C,LO2D,,,,,LO1C,LO2C,LO3C,
,,,,,,,,,,,,LO3A,LO3B,LO3C,LO3D,,,,,#N/A,,,
,,,,,,,,,,,,,,,,,,,,#N/A,,,
,,,,,,,,,,,Used chat gpt to write sample comments,,,,,,,,,#N/A,,,
,,,,,,,,,,,,,,,,,,,,#N/A,,,
,,,,,,,,,,,,,,,,,,,,#N/A,,,
,,,,,,,,,,,,,,,,,,,,#N/A,,,
,,,,,,,,,,,,,,,,,,,,#N/A,,,
,,,,,,,,,,,,,,,,,,,,#N/A,,,
,,,,,,,,,,,,,,,,,,,,#N/A,,,
,,,,,,,,,,,,,,,,,,,,#N/A,,,
,,,,,,,,,,,,,,,,,,,,#N/A,,,
,,,,,,,,,,,,,,,,,,,,#N/A,,,
,,,,,,,,,,,,,,,,,,,,#N/A,,,
,,,,,,,,,,,,,,,,,,,,#N/A,,,
,,,,,,,,,,,,,,,,,,,,#N/A,,,
,,,,,,,,,,,,,,,,,,,,#N/A,,,
,,,,,,,,,,,,,,,,,,,,#N/A,,,
,,,,,,,,,,,,,,,,,,,,#N/A,,,
,,,,,,,,,,,,,,,,,,,,#N/A,,,
,,,,,,,,,,,,,,,,,,,,#N/A,,,
,,,,,,,,,,,,,,,,,,,,#N/A,,,
,,,,,,,,,,,,,,,,,,,,#N/A,,,
,,,,,,,,,,,,,,,,,,,,#N/A,,,
,,,,,,,,,,,,,,,,,,,,#N/A,,,
,,,,,,,,,,,,,,,,,,,,#N/A,,,
,,,,,,,,,,,,,,,,,,,,#N/A,,,
,,,,,,,,,,,,,,,,,,,,#N/A,,,
,,,,,,,,,,,,,,,,,,,,#N/A,,,
,,,,,,,,,,,,,,,,,,,,#N/A,,,
,,,,,,,,,,,,,,,,,,,,#N/A,,,
,,,,,,,,,,,,,,,,,,,,#N/A,,,
,,,,,,,,,,,,,,,,,,,,#N/A,,,
,,,,,,,,,,,,,,,,,,,,#N/A,,,
,,,,,,,,,,,,,,,,,,,,#N/A,,,
,,,,,,,,,,,,,,,,,,,,#N/A,,,
,,,,,,,,,,,,,,,,,,,,#N/A,,,
,,,,,,,,,,,,,,,,,,,,#N/A,,,
,,,,,,,,,,,,,,,,,,,,#N/A,,,
,,,,,,,,,,,,,,,,,,,,#N/A,,,
,,,,,,,,,,,,,,,,,,,,#N/A,,,
,,,,,,,,,,,,,,,,,,,,#N/A,,,
,,,,,,,,,,,,,,,,,,,,#N/A,,,
,,,,,,,,,,,,,,,,,,,,#N/A,,,
,,,,,,,,,,,,,,,,,,,,#N/A,,,
,,,,,,,,,,,,,,,,,,,,#N/A,,,
,,,,,,,,,,,,,,,,,,,,#N/A,,,
,,,,,,,,,,,,,,,,,,,,#N/A,,,
,,,,,,,,,,,,,,,,,,,,#N/A,,,
,,,,,,,,,,,,,,,,,,,,#N/A,,,
,,,,,,,,,,,,,,,,,,,,#N/A,,,
,,,,,,,,,,,,,,,,,,,,#N/A,,,
,,,,,,,,,,,,,,,,,,,,#N/A,,,
,,,,,,,,,,,,,,,,,,,,#N/A,,,
,,,,,,,,,,,,,,,,,,,,#N/A,,,
,,,,,,,,,,,,,,,,,,,,#N/A,,,
,,,,,,,,,,,,,,,,,,,,#N/A,,,
,,,,,,,,,,,,,,,,,,,,#N/A,,,
,,,,,,,,,,,,,,,,,,,,#N/A,,,
,,,,,,,,,,,,,,,,,,,,#N/A,,,
,,,,,,,,,,,,,,,,,,,,#N/A,,,
,,,,,,,,,,,,,,,,,,,,#N/A,,,
,,,,,,,,,,,,,,,,,,,,#N/A,,,
,,,,,,,,,,,,,,,,,,,,#N/A,,,
,,,,,,,,,,,,,,,,,,,,#N/A,,,
,,,,,,,,,,,,,,,,,,,,#N/A,,,
,,,,,,,,,,,,,,,,,,,,#N/A,,,
,,,,,,,,,,,,,,,,,,,,#N/A,,,
,,,,,,,,,,,,,,,,,,,,#N/A,,,
,,,,,,,,,,,,,,,,,,,,#N/A,,,
,,,,,,,,,,,,,,,,,,,,#N/A,,,
,,,,,,,,,,,,,,,,,,,,#N/A,,,
,,,,,,,,,,,,,,,,,,,,#N/A,,,
,,,,,,,,,,,,,,,,,,,,#N/A,,,
,,,,,,,,,,,,,,,,,,,,#N/A,,,
,,,,,,,,,,,,,,,,,,,,#N/A,,,
,,,,,,,,,,,,,,,,,,,,#N/A,,,
,,,,,,,,,,,,,,,,,,,,#N/A,,,
,,,,,,,,,,,,,,,,,,,,#N/A,,,
,,,,,,,,,,,,,,,,,,,,#N/A,,,
,,,,,,,,,,,,,,,,,,,,#N/A,,,
,,,,,,,,,,,,,,,,,,,,#N/A,,,
,,,,,,,,,,,,,,,,,,,,#N/A,,,
,,,,,,,,,,,,,,,,,,,,#N/A,,,
,,,,,,,,,,,,,,,,,,,,#N/A,,,
,,,,,,,,,,,,,,,,,,,,#N/A,,,
,,,,,,,,,,,,,,,,,,,,#N/A,,,
,,,,,,,,,,,,,,,,,,,,#N/A,,,
,,,,,,,,,,,,,,,,,,,,#N/A,,,
,,,,,,,,,,,,,,,,,,,,#N/A,,,
,,,,,,,,,,,,,,,,,,,,#N/A,,,
,,,,,,,,,,,,,,,,,,,,#N/A,,,
,,,,,,,,,,,,,,,,,,,,#N/A,,,
,,,,,,,,,,,,,,,,,,,,#N/A,,,
,,,,,,,,,,,,,,,,,,,,#N/A,,,