Student Name,Class,Block,Year,Final Grade,strength_LO,strength_details,growth_LO,growth_details,Summary,,Info to Enter:,,,,,,,,,Helper cells (NO editing),,,Deatils on filter: bool vals from second arguemnt determine which vals of first arguemnt get returned
Michael Gong,Precalculus with Proofs (H),B,10,A-,LO1B,"You’re able to apply the principle of mathematical induction by meticulously including every detail of the proof. You can solve trigonometric equations by carefully applying relevant trigonometric identities, knowledge of the unit circle, and algebraic rules.",LO2B,"Precise Definitions: Make a conscious effort to understand the mathematical meaning of definitions and the specific role they play in mathematical reasoning. Algebraic and Limit Laws: Keep a running list of the rules that trip you up and revisit them every few days. As you solve problems, pay close attention to how each one is being used. Logical Transitions: Aim to gain clarity on precisely which law is being applied to move from one line of a solution to the next. At this level, random guessing will not suffice; every step must be intentional, purposeful and justified.","Michael Gong, you clearly value learning independently and enjoy working through the handouts on your own. You consistently arrive well-prepared for tests, which demonstrates a strong work ethic.The next level of growth for you will come from engaging your fellow students in deeper discussion or even taking the time to work with a struggling peer. When you do so, I challenge you not to give them easy answers or even hints. Instead, ask them to explain the definitions to you and check their understanding of the theory. In other words, guide them to take the path you took, but allow them to do the heavy lifting themselves. Teaching others in this way will sharpen your own understanding and build your leadership skills.",,Courses:,Precalculus,Precalculus with Proofs (H),Real Analysis (H),,,,,,LO1B,LO2B,LO3B,
Jack Paul,Precalculus,C,10,C+,LO3A,Demonstrated a strong understanding of core Precalculus concepts and applied them accurately across multiple representations. You consistently set up problems thoughtfully and used function behavior to support your conclusions. Your work shows growing confidence and fluency with algebraic reasoning.,LO2A,"Continue to slow down when working through multi-step problems to ensure each step is clearly justified. When explaining your reasoning, aim to explicitly connect your calculations back to the original question. Double-checking your work for small errors will help strengthen your overall accuracy.","Jack, you have made a strong start in Precalculus. You approach challenges with focus and persistence, and you contribute positively to class discussions. With continued attention to clarity and precision, you will continue to grow as a mathematical thinker.",,Short material overview to go in commets:,,,,,,,,,LO1A,LO2A,LO3A,
Jeremy,Precalculus with Proofs (H),C,11,A,LO2B,"Showed a strong ability to follow and construct logical arguments, particularly when working with formal proofs. You made effective use of definitions and previously established results, and your work demonstrated clear organization and intentional structure. Your reasoning reflects a solid conceptual understanding.",LO1B,"When approaching unfamiliar proof problems, take time to clearly identify what is given and what must be shown before beginning. Strengthening the habit of explicitly justifying each step—even those that seem obvious—will further improve the clarity and rigor of your proofs.","Jeremy, you are off to an excellent start in Precalculus with Proofs. You engage thoughtfully with challenging material and show persistence when ideas become complex. With continued practice in refining your explanations, your mathematical reasoning will continue to deepen.",,Learning outcomes (1 per cell in the class' column),LO1A,LO1B,LO1C,,,,,,LO1B,LO2B,LO3B,
Taylor Adam,Real Analysis (H),F,12,B+,LO3C,"Demonstrated a strong command of formal proof writing and a clear understanding of foundational concepts such as limits, convergence, and continuity. Your arguments were carefully structured, and you showed discipline in the use of definitions and quantifiers. You consistently approached problems with intellectual maturity and depth.",LO2C,"Continue to focus on clarity and economy in your writing by ensuring that each step in a proof directly advances the argument. When revising your work, look for opportunities to streamline explanations while maintaining full rigor. Taking time to reflect on alternative approaches will further strengthen your analytical flexibility.","Taylor, you are doing excellent work in Real Analysis. You approach abstract material with focus and perseverance, and your contributions reflect a genuine engagement with mathematical reasoning at a high level. I look forward to seeing how your thinking continues to evolve throughout the course.",,,LO2A,LO2B,LO2C,,,,,,LO1C,LO2C,LO3C,
,,,,,,,,,,,,LO3A,LO3B,LO3C,,,,,,#N/A,,,
,,,,,,,,,,,,,,,,,,,,#N/A,,,
,,,,,,,,,,,,,,,,,,,,#N/A,,,
,,,,,,,,,,,,,,,,,,,,#N/A,,,
,,,,,,,,,,,,,,,,,,,,#N/A,,,
,,,,,,,,,,,,,,,,,,,,#N/A,,,
,,,,,,,,,,,,,,,,,,,,#N/A,,,
,,,,,,,,,,,,,,,,,,,,#N/A,,,
,,,,,,,,,,,,,,,,,,,,#N/A,,,
,,,,,,,,,,,,,,,,,,,,#N/A,,,
,,,,,,,,,,,,,,,,,,,,#N/A,,,
,,,,,,,,,,,,,,,,,,,,#N/A,,,
,,,,,,,,,,,,,,,,,,,,#N/A,,,
,,,,,,,,,,,,,,,,,,,,#N/A,,,
,,,,,,,,,,,,,,,,,,,,#N/A,,,
,,,,,,,,,,,,,,,,,,,,#N/A,,,
,,,,,,,,,,,,,,,,,,,,#N/A,,,
,,,,,,,,,,,,,,,,,,,,#N/A,,,
,,,,,,,,,,,,,,,,,,,,#N/A,,,
,,,,,,,,,,,,,,,,,,,,#N/A,,,
,,,,,,,,,,,,,,,,,,,,#N/A,,,
,,,,,,,,,,,,,,,,,,,,#N/A,,,
,,,,,,,,,,,,,,,,,,,,#N/A,,,
,,,,,,,,,,,,,,,,,,,,#N/A,,,
,,,,,,,,,,,,,,,,,,,,#N/A,,,
,,,,,,,,,,,,,,,,,,,,#N/A,,,
,,,,,,,,,,,,,,,,,,,,#N/A,,,
,,,,,,,,,,,,,,,,,,,,#N/A,,,
,,,,,,,,,,,,,,,,,,,,#N/A,,,
,,,,,,,,,,,,,,,,,,,,#N/A,,,
,,,,,,,,,,,,,,,,,,,,#N/A,,,
,,,,,,,,,,,,,,,,,,,,#N/A,,,
,,,,,,,,,,,,,,,,,,,,#N/A,,,
,,,,,,,,,,,,,,,,,,,,#N/A,,,
,,,,,,,,,,,,,,,,,,,,#N/A,,,
,,,,,,,,,,,,,,,,,,,,#N/A,,,
,,,,,,,,,,,,,,,,,,,,#N/A,,,
,,,,,,,,,,,,,,,,,,,,#N/A,,,
,,,,,,,,,,,,,,,,,,,,#N/A,,,
,,,,,,,,,,,,,,,,,,,,#N/A,,,
,,,,,,,,,,,,,,,,,,,,#N/A,,,
,,,,,,,,,,,,,,,,,,,,#N/A,,,
,,,,,,,,,,,,,,,,,,,,#N/A,,,
,,,,,,,,,,,,,,,,,,,,#N/A,,,
,,,,,,,,,,,,,,,,,,,,#N/A,,,
,,,,,,,,,,,,,,,,,,,,#N/A,,,
,,,,,,,,,,,,,,,,,,,,#N/A,,,
,,,,,,,,,,,,,,,,,,,,#N/A,,,
,,,,,,,,,,,,,,,,,,,,#N/A,,,
,,,,,,,,,,,,,,,,,,,,#N/A,,,
,,,,,,,,,,,,,,,,,,,,#N/A,,,
,,,,,,,,,,,,,,,,,,,,#N/A,,,
,,,,,,,,,,,,,,,,,,,,#N/A,,,
,,,,,,,,,,,,,,,,,,,,#N/A,,,
,,,,,,,,,,,,,,,,,,,,#N/A,,,
,,,,,,,,,,,,,,,,,,,,#N/A,,,
,,,,,,,,,,,,,,,,,,,,#N/A,,,
,,,,,,,,,,,,,,,,,,,,#N/A,,,
,,,,,,,,,,,,,,,,,,,,#N/A,,,
,,,,,,,,,,,,,,,,,,,,#N/A,,,
,,,,,,,,,,,,,,,,,,,,#N/A,,,
,,,,,,,,,,,,,,,,,,,,#N/A,,,
,,,,,,,,,,,,,,,,,,,,#N/A,,,
,,,,,,,,,,,,,,,,,,,,#N/A,,,
,,,,,,,,,,,,,,,,,,,,#N/A,,,
,,,,,,,,,,,,,,,,,,,,#N/A,,,
,,,,,,,,,,,,,,,,,,,,#N/A,,,
,,,,,,,,,,,,,,,,,,,,#N/A,,,
,,,,,,,,,,,,,,,,,,,,#N/A,,,
,,,,,,,,,,,,,,,,,,,,#N/A,,,
,,,,,,,,,,,,,,,,,,,,#N/A,,,
,,,,,,,,,,,,,,,,,,,,#N/A,,,
,,,,,,,,,,,,,,,,,,,,#N/A,,,
,,,,,,,,,,,,,,,,,,,,#N/A,,,
,,,,,,,,,,,,,,,,,,,,#N/A,,,
,,,,,,,,,,,,,,,,,,,,#N/A,,,
,,,,,,,,,,,,,,,,,,,,#N/A,,,
,,,,,,,,,,,,,,,,,,,,#N/A,,,
,,,,,,,,,,,,,,,,,,,,#N/A,,,
,,,,,,,,,,,,,,,,,,,,#N/A,,,
,,,,,,,,,,,,,,,,,,,,#N/A,,,
,,,,,,,,,,,,,,,,,,,,#N/A,,,
,,,,,,,,,,,,,,,,,,,,#N/A,,,
,,,,,,,,,,,,,,,,,,,,#N/A,,,
,,,,,,,,,,,,,,,,,,,,#N/A,,,
,,,,,,,,,,,,,,,,,,,,#N/A,,,
,,,,,,,,,,,,,,,,,,,,#N/A,,,
,,,,,,,,,,,,,,,,,,,,#N/A,,,
,,,,,,,,,,,,,,,,,,,,#N/A,,,
,,,,,,,,,,,,,,,,,,,,#N/A,,,
,,,,,,,,,,,,,,,,,,,,#N/A,,,
,,,,,,,,,,,,,,,,,,,,#N/A,,,
,,,,,,,,,,,,,,,,,,,,#N/A,,,
,,,,,,,,,,,,,,,,,,,,#N/A,,,